CENTRE;ICONE;VERSO
../../Images/icones/icones_deplacerMeeples.png;../../Images/icones/icone_carte_haut.png;../../Images/versoCartes/versoBleu.png
../../Images/icones/icones_deplacerMeeples.png;../../Images/icones/icone_carte_haut.png;../../Images/versoCartes/versoGris.png
../../Images/icones/icones_deplacerMeeples.png;../../Images/icones/icone_carte_haut.png;../../Images/versoCartes/versoJaune.png
../../Images/icones/icones_deplacerMeeples.png;../../Images/icones/icone_carte_bas.png;../../Images/versoCartes/versoRouge.png
../../Images/icones/icones_deplacerMeeples.png;../../Images/icones/icone_carte_bas.png;../../Images/versoCartes/versoVert.png
../../Images/icones/icones_deplacerMeeples.png;../../Images/icones/icone_carte_bas.png;../../Images/versoCartes/versoViolet.png
../../Images/icones/icones_multiplicateurPositif.png;../../Images/icones/icone_carte_haut.png;../../Images/versoCartes/versoBleu.png
../../Images/icones/icones_multiplicateurPositif.png;../../Images/icones/icone_carte_haut.png;../../Images/versoCartes/versoGris.png
../../Images/icones/icones_multiplicateurPositif.png;../../Images/icones/icone_carte_haut.png;../../Images/versoCartes/versoJaune.png
../../Images/icones/icones_multiplicateurPositif.png;../../Images/icones/icone_carte_bas.png;../../Images/versoCartes/versoRouge.png
../../Images/icones/icones_multiplicateurPositif.png;../../Images/icones/icone_carte_bas.png;../../Images/versoCartes/versoVert.png
../../Images/icones/icones_multiplicateurPositif.png;../../Images/icones/icone_carte_bas.png;../../Images/versoCartes/versoViolet.png
../../Images/icones/icones_joker.png;../../Images/icones/icone_carte_haut.png;../../Images/versoCartes/versoBleu.png
../../Images/icones/icones_joker.png;../../Images/icones/icone_carte_haut.png;../../Images/versoCartes/versoGris.png
../../Images/icones/icones_joker.png;../../Images/icones/icone_carte_haut.png;../../Images/versoCartes/versoJaune.png
../../Images/icones/icones_joker.png;../../Images/icones/icone_carte_bas.png;../../Images/versoCartes/versoRouge.png
../../Images/icones/icones_joker.png;../../Images/icones/icone_carte_bas.png;../../Images/versoCartes/versoVert.png
../../Images/icones/icones_joker.png;../../Images/icones/icone_carte_bas.png;../../Images/versoCartes/versoViolet.png
../../Images/icones/icones_multiplicateurNegatif.png;../../Images/icones/icone_carte_haut.png;../../Images/versoCartes/versoBleu.png
../../Images/icones/icones_multiplicateurNegatif.png;../../Images/icones/icone_carte_haut.png;../../Images/versoCartes/versoGris.png
../../Images/icones/icones_multiplicateurNegatif.png;../../Images/icones/icone_carte_haut.png;../../Images/versoCartes/versoJaune.png
../../Images/icones/icones_multiplicateurNegatif.png;../../Images/icones/icone_carte_bas.png;../../Images/versoCartes/versoRouge.png
../../Images/icones/icones_multiplicateurNegatif.png;../../Images/icones/icone_carte_bas.png;../../Images/versoCartes/versoVert.png
../../Images/icones/icones_multiplicateurNegatif.png;../../Images/icones/icone_carte_bas.png;../../Images/versoCartes/versoViolet.png
../../Images/icones/icones_obstacle.png;../../Images/icones/icone_carte_haut.png;../../Images/versoCartes/versoBleu.png
../../Images/icones/icones_obstacle.png;../../Images/icones/icone_carte_haut.png;../../Images/versoCartes/versoGris.png
../../Images/icones/icones_obstacle.png;../../Images/icones/icone_carte_haut.png;../../Images/versoCartes/versoJaune.png
../../Images/icones/icones_obstacle.png;../../Images/icones/icone_carte_bas.png;../../Images/versoCartes/versoRouge.png
../../Images/icones/icones_obstacle.png;../../Images/icones/icone_carte_bas.png;../../Images/versoCartes/versoVert.png
../../Images/icones/icones_obstacle.png;../../Images/icones/icone_carte_bas.png;../../Images/versoCartes/versoViolet.png
../../Images/icones/icones_piocherCarte.png;../../Images/icones/icone_carte_haut.png;../../Images/versoCartes/versoBleu.png
../../Images/icones/icones_piocherCarte.png;../../Images/icones/icone_carte_haut.png;../../Images/versoCartes/versoGris.png
../../Images/icones/icones_piocherCarte.png;../../Images/icones/icone_carte_haut.png;../../Images/versoCartes/versoJaune.png
../../Images/icones/icones_piocherCarte.png;../../Images/icones/icone_carte_bas.png;../../Images/versoCartes/versoRouge.png
../../Images/icones/icones_piocherCarte.png;../../Images/icones/icone_carte_bas.png;../../Images/versoCartes/versoVert.png
../../Images/icones/icones_piocherCarte.png;../../Images/icones/icone_carte_bas.png;../../Images/versoCartes/versoViolet.png
../../Images/icones/icones_arbre.png;../../Images/icones/icone_carte_haut.png;../../Images/versoCartes/versoBleu.png
../../Images/icones/icones_arbre.png;../../Images/icones/icone_carte_haut.png;../../Images/versoCartes/versoGris.png
../../Images/icones/icones_arbre.png;../../Images/icones/icone_carte_bas.png;../../Images/versoCartes/versoJaune.png
../../Images/icones/icones_arbre.png;../../Images/icones/icone_carte_bas.png;../../Images/versoCartes/versoRouge.png
../../Images/icones/icones_rocher.png;../../Images/icones/icone_carte_haut.png;../../Images/versoCartes/versoVert.png
../../Images/icones/icones_rocher.png;../../Images/icones/icone_carte_haut.png;../../Images/versoCartes/versoViolet.png
../../Images/icones/icones_rocher.png;../../Images/icones/icone_carte_bas.png;../../Images/versoCartes/versoBleu.png
../../Images/icones/icones_rocher.png;../../Images/icones/icone_carte_bas.png;../../Images/versoCartes/versoGris.png
../../Images/icones/icones_tronc.png;../../Images/icones/icone_carte_haut.png;../../Images/versoCartes/versoJaune.png
../../Images/icones/icones_tronc.png;../../Images/icones/icone_carte_haut.png;../../Images/versoCartes/versoRouge.png
../../Images/icones/icones_tronc.png;../../Images/icones/icone_carte_bas.png;../../Images/versoCartes/versoVert.png
../../Images/icones/icones_tronc.png;../../Images/icones/icone_carte_bas.png;../../Images/versoCartes/versoViolet.png
../../Images/icones/icones_10.png;../../Images/icones/icone_carte_haut.png;../../Images/versoCartes/versoVert.png
../../Images/icones/icones_10.png;../../Images/icones/icone_carte_bas.png;../../Images/versoCartes/versoViolet.png
../../Images/icones/icones_5.png;../../Images/icones/icone_carte_haut.png;../../Images/versoCartes/versoBleu.png
../../Images/icones/icones_5.png;../../Images/icones/icone_carte_haut.png;../../Images/versoCartes/versoGris.png
../../Images/icones/icones_5.png;../../Images/icones/icone_carte_haut.png;../../Images/versoCartes/versoJaune.png
../../Images/icones/icones_5.png;../../Images/icones/icone_carte_bas.png;../../Images/versoCartes/versoRouge.png
../../Images/icones/icones_5.png;../../Images/icones/icone_carte_bas.png;../../Images/versoCartes/versoVert.png
../../Images/icones/icones_5.png;../../Images/icones/icone_carte_bas.png;../../Images/versoCartes/versoViolet.png
../../Images/icones/icones_1.png;../../Images/icones/icone_carte_haut.png;../../Images/versoCartes/versoBleu.png
../../Images/icones/icones_1.png;../../Images/icones/icone_carte_haut.png;../../Images/versoCartes/versoGris.png
../../Images/icones/icones_1.png;../../Images/icones/icone_carte_haut.png;../../Images/versoCartes/versoJaune.png
../../Images/icones/icones_1.png;../../Images/icones/icone_carte_haut.png;../../Images/versoCartes/versoRouge.png
../../Images/icones/icones_1.png;../../Images/icones/icone_carte_haut.png;../../Images/versoCartes/versoVert.png
../../Images/icones/icones_1.png;../../Images/icones/icone_carte_bas.png;../../Images/versoCartes/versoViolet.png
../../Images/icones/icones_1.png;../../Images/icones/icone_carte_bas.png;../../Images/versoCartes/versoBleu.png
../../Images/icones/icones_1.png;../../Images/icones/icone_carte_bas.png;../../Images/versoCartes/versoGris.png
../../Images/icones/icones_1.png;../../Images/icones/icone_carte_bas.png;../../Images/versoCartes/versoJaune.png
../../Images/icones/icones_1.png;../../Images/icones/icone_carte_bas.png;../../Images/versoCartes/versoRouge.png
