MEEPLE;ICONE
../../Images/meeples/meepleBleu_marqueur.png;../../Images/marqueursCouleur/forme_forme1.png
../../Images/meeples/meepleBleu_marqueur.png;../../Images/marqueursCouleur/forme_forme1.png
../../Images/meeples/meepleBleu_marqueur.png;../../Images/marqueursCouleur/forme_forme1.png
../../Images/meeples/meepleBleu_marqueur.png;../../Images/marqueursCouleur/forme_forme1.png
../../Images/meeples/meepleBleu_marqueur.png;../../Images/marqueursCouleur/forme_forme1.png
../../Images/meeples/meepleBleu_marqueur.png;../../Images/marqueursCouleur/forme_forme1.png
../../Images/meeples/meepleBleu_marqueur.png;../../Images/marqueursCouleur/forme_forme1.png
../../Images/meeples/meepleBleu_marqueur.png;../../Images/marqueursCouleur/forme_forme1.png
../../Images/meeples/meepleBleu_marqueur.png;../../Images/marqueursCouleur/forme_forme1.png
../../Images/meeples/meepleBleu_marqueur.png;../../Images/marqueursCouleur/forme_forme1.png
../../Images/meeples/meepleBleu_marqueur.png;../../Images/marqueursCouleur/forme_forme5.png
../../Images/meeples/meepleGris_marqueur.png;../../Images/marqueursCouleur/forme_forme4.png
../../Images/meeples/meepleGris_marqueur.png;../../Images/marqueursCouleur/forme_forme4.png
../../Images/meeples/meepleGris_marqueur.png;../../Images/marqueursCouleur/forme_forme4.png
../../Images/meeples/meepleGris_marqueur.png;../../Images/marqueursCouleur/forme_forme4.png
../../Images/meeples/meepleGris_marqueur.png;../../Images/marqueursCouleur/forme_forme4.png
../../Images/meeples/meepleGris_marqueur.png;../../Images/marqueursCouleur/forme_forme4.png
../../Images/meeples/meepleGris_marqueur.png;../../Images/marqueursCouleur/forme_forme4.png
../../Images/meeples/meepleGris_marqueur.png;../../Images/marqueursCouleur/forme_forme4.png
../../Images/meeples/meepleGris_marqueur.png;../../Images/marqueursCouleur/forme_forme4.png
../../Images/meeples/meepleGris_marqueur.png;../../Images/marqueursCouleur/forme_forme4.png
../../Images/meeples/meepleGris_marqueur.png;../../Images/marqueursCouleur/forme_forme4.png
../../Images/meeples/meepleJaune_marqueur.png;../../Images/marqueursCouleur/forme_forme6.png
../../Images/meeples/meepleJaune_marqueur.png;../../Images/marqueursCouleur/forme_forme6.png
../../Images/meeples/meepleJaune_marqueur.png;../../Images/marqueursCouleur/forme_forme6.png
../../Images/meeples/meepleJaune_marqueur.png;../../Images/marqueursCouleur/forme_forme6.png
../../Images/meeples/meepleJaune_marqueur.png;../../Images/marqueursCouleur/forme_forme6.png
../../Images/meeples/meepleJaune_marqueur.png;../../Images/marqueursCouleur/forme_forme6.png
../../Images/meeples/meepleJaune_marqueur.png;../../Images/marqueursCouleur/forme_forme6.png
../../Images/meeples/meepleJaune_marqueur.png;../../Images/marqueursCouleur/forme_forme6.png
../../Images/meeples/meepleJaune_marqueur.png;../../Images/marqueursCouleur/forme_forme6.png
../../Images/meeples/meepleJaune_marqueur.png;../../Images/marqueursCouleur/forme_forme6.png
../../Images/meeples/meepleJaune_marqueur.png;../../Images/marqueursCouleur/forme_forme6.png
../../Images/meeples/meepleRouge_marqueur.png;../../Images/marqueursCouleur/forme_forme1.png
../../Images/meeples/meepleRouge_marqueur.png;../../Images/marqueursCouleur/forme_forme1.png
../../Images/meeples/meepleRouge_marqueur.png;../../Images/marqueursCouleur/forme_forme1.png
../../Images/meeples/meepleRouge_marqueur.png;../../Images/marqueursCouleur/forme_forme1.png
../../Images/meeples/meepleRouge_marqueur.png;../../Images/marqueursCouleur/forme_forme1.png
../../Images/meeples/meepleRouge_marqueur.png;../../Images/marqueursCouleur/forme_forme1.png
../../Images/meeples/meepleRouge_marqueur.png;../../Images/marqueursCouleur/forme_forme1.png
../../Images/meeples/meepleRouge_marqueur.png;../../Images/marqueursCouleur/forme_forme1.png
../../Images/meeples/meepleRouge_marqueur.png;../../Images/marqueursCouleur/forme_forme1.png
../../Images/meeples/meepleRouge_marqueur.png;../../Images/marqueursCouleur/forme_forme1.png
../../Images/meeples/meepleRouge_marqueur.png;../../Images/marqueursCouleur/forme_forme1.png
../../Images/meeples/meepleVert_marqueur.png;../../Images/marqueursCouleur/forme_forme3.png
../../Images/meeples/meepleVert_marqueur.png;../../Images/marqueursCouleur/forme_forme3.png
../../Images/meeples/meepleVert_marqueur.png;../../Images/marqueursCouleur/forme_forme3.png
../../Images/meeples/meepleVert_marqueur.png;../../Images/marqueursCouleur/forme_forme3.png
../../Images/meeples/meepleVert_marqueur.png;../../Images/marqueursCouleur/forme_forme3.png
../../Images/meeples/meepleVert_marqueur.png;../../Images/marqueursCouleur/forme_forme3.png
../../Images/meeples/meepleVert_marqueur.png;../../Images/marqueursCouleur/forme_forme3.png
../../Images/meeples/meepleVert_marqueur.png;../../Images/marqueursCouleur/forme_forme3.png
../../Images/meeples/meepleVert_marqueur.png;../../Images/marqueursCouleur/forme_forme3.png
../../Images/meeples/meepleVert_marqueur.png;../../Images/marqueursCouleur/forme_forme3.png
../../Images/meeples/meepleVert_marqueur.png;../../Images/marqueursCouleur/forme_forme3.png
../../Images/meeples/meepleViolet_marqueur.png;../../Images/marqueursCouleur/forme_forme2.png
../../Images/meeples/meepleViolet_marqueur.png;../../Images/marqueursCouleur/forme_forme2.png
../../Images/meeples/meepleViolet_marqueur.png;../../Images/marqueursCouleur/forme_forme2.png
../../Images/meeples/meepleViolet_marqueur.png;../../Images/marqueursCouleur/forme_forme2.png
../../Images/meeples/meepleViolet_marqueur.png;../../Images/marqueursCouleur/forme_forme2.png
../../Images/meeples/meepleViolet_marqueur.png;../../Images/marqueursCouleur/forme_forme2.png
../../Images/meeples/meepleViolet_marqueur.png;../../Images/marqueursCouleur/forme_forme2.png
../../Images/meeples/meepleViolet_marqueur.png;../../Images/marqueursCouleur/forme_forme2.png
../../Images/meeples/meepleViolet_marqueur.png;../../Images/marqueursCouleur/forme_forme2.png
../../Images/meeples/meepleViolet_marqueur.png;../../Images/marqueursCouleur/forme_forme2.png
../../Images/meeples/meepleViolet_marqueur.png;../../Images/marqueursCouleur/forme_forme2.png